Epoch,Embedding Dimension,Laminarity
1,5,0.50580484
1,9,0.4166057
1,13,0.33021173
1,17,0.22202644
1,21,0.1109517
1,25,0.035915855
